sample_id,formula,num_atoms,mp20_e_hull,eqv3_e_total,eqv3_e_per_atom,eqv3_e_hull_raw,eqv3_e_hull_mp2020
mp-972520,SmSnRh2,16,0.0,-105.04462432861328,-6.56528902053833,-7.553210082988926e-05,-7.553210082988926e-05
mp-1184115,Er,9,0.0,-41.015926361083984,-4.557325151231554,0.010393658768445668,0.010393658768445668
mp-1218750,Sr2NbInO6,40,0.0476122095000013,-284.6280517578125,-7.115701293945312,0.44234951305469217,0.030149513054691823
mp-1224354,Hf4CuSi3,8,0.0435905268749952,-65.67078399658203,-8.208847999572754,0.016409796052245795,0.04303479605224503
mp-862800,PrI3,8,0.0,-29.970230102539062,-3.746278762817383,0.2853227609326172,0.0010727609326171006
